model_name,model_category,macro_f1,balanced_accuracy,accuracy,roc_auc,healthy_f1,congested_f1,unhealthy_f1,congested_recall,unhealthy_recall,inference_latency_us,parameter_count
Logistic Regression,Classical Linear,0.8901494807685107,0.9833679865222763,0.9756666666666667,0.9985984782088092,0.9807834441980784,0.9773362309841664,0.7123287671232876,0.9800747198007472,1.0,139.93335200007095,39
Decision Tree,Classical Tree,1.0,1.0,1.0,1.0,1.0,1.0,1.0,1.0,1.0,82.18724400012434,9
Random Forest,Classical Ensemble,0.9860695536844442,0.985997273308016,0.998,0.9999919635414448,0.9985358711566618,0.9981343283582089,0.9615384615384616,0.9993773349937733,0.9615384615384616,11996.836371999962,1492
SVM (RBF),Kernel Method,0.8793534002229654,0.8684127896456664,0.9573333333333334,0.997826746872782,0.9565217391304348,0.9615384615384616,0.72,0.9962640099626401,0.6923076923076923,113.32867500004795,4008
XGBoost,Gradient Boosting,1.0,1.0,1.0,1.0,1.0,1.0,1.0,1.0,1.0,163.70220899989363,2400
MLP,Neural Network,0.9090455603487207,0.9858137369853304,0.9786666666666667,0.9986606883202173,0.9824433065106072,0.9799874921826142,0.7647058823529411,0.9757160647571607,1.0,109.15616499983116,3203
1D-CNN (Temporal),Deep Learning (Temporal),0.8210887893906763,0.893602899010253,0.956,0.9923107222310303,0.9630188679245283,0.9597069597069597,0.5405405405405406,0.9788293897882939,0.7692307692307693,197.68960600003993,9763
CNN-LSTM,Deep Learning (Spatiotemporal),0.9113652021473251,0.8924363708069548,0.99,0.9989847521988829,0.9934065934065934,0.9906890130353817,0.75,0.9937733499377335,0.6923076923076923,254.91650899994056,17827
GCN,Graph Neural Network,0.5834167384168913,0.5817324956406079,0.874,0.611894124193523,0.8508891928864569,0.8993610223642172,0.0,0.9558573853989814,0.0,9.424533599985807,1571
