scenario,method,category,pdr_percent,pdr_percent,avg_delay_s,avg_delay_s,total_energy_j,total_energy_j,avg_hop_count,dead_nodes,route_changes
,,,mean,std,mean,std,mean,std,mean,mean,mean
Bursty_Pareto,Direct Routing,Conventional,44.71430950643181,4.545328337934272,0.14665153641521286,0.02882308413432926,1.1081123298109234,0.10442456456161148,1.0,0.0,0.0
Bursty_Pareto,Dueling DDQN (Deep RL),Deep RL,45.77631506982803,14.474221961107814,1.6915193899182224,1.1508607321545823,1.7824387065466318,0.041114097955295546,2.2775077209996155,0.0,0.0
Bursty_Pareto,Greedy Geographic (GPSR),Conventional,39.06256226801711,10.401114500950346,1.7534861194764038,0.8309737348158355,1.4355912334547682,0.11407875210106115,2.0606613299555403,0.0,0.0
Bursty_Pareto,Minimum Hop (BFS),Conventional,39.06256226801711,10.401114500950346,1.7534861194764038,0.8309737348158355,1.4355912334547682,0.11407875210106115,2.0606613299555403,0.0,0.0
Bursty_Pareto,Tabular Q-Routing (RL),Tabular RL,9.835627203853475,9.998760902469979,2.7811574708559577,2.464200343922364,1.6323852406187267,0.06760501015796637,2.2487056494594184,0.0,0.0
High_Poisson,Direct Routing,Conventional,44.82182932417476,7.244255962263842,0.06112248034122671,0.01509185092789138,1.088239689160976,0.09791007753459752,1.0,0.0,0.0
High_Poisson,Dueling DDQN (Deep RL),Deep RL,46.129371425604376,16.295730759866597,1.4347598746551595,1.1197804109301077,1.7608879828942274,0.05051871175580978,2.2315976942093356,0.0,0.0
High_Poisson,Greedy Geographic (GPSR),Conventional,40.084035348268536,11.865417397792907,1.6339875202627903,1.074597381778232,1.4104539948365968,0.09823435716167198,2.045256563324721,0.0,0.0
High_Poisson,Minimum Hop (BFS),Conventional,40.084035348268536,11.865417397792907,1.6339875202627903,1.074597381778232,1.4104539948365968,0.09823435716167198,2.045256563324721,0.0,0.0
High_Poisson,Tabular Q-Routing (RL),Tabular RL,9.937471438749535,9.98528591338522,2.8450150753768786,2.4689467727172496,1.595986911473133,0.05612659071111855,2.2107035175879397,0.0,0.0
Low_CBR,Direct Routing,Conventional,44.92763155339379,5.721863491094398,0.0,0.0,0.2732317940205788,0.012990874056317684,1.0,0.0,0.0
Low_CBR,Dueling DDQN (Deep RL),Deep RL,70.66740690870931,36.35693876713569,0.5463903214985065,0.7902895695889395,0.8114131543560333,0.300235165981963,2.7766316276053025,0.0,0.0
Low_CBR,Greedy Geographic (GPSR),Conventional,65.62256579564998,33.38061694173015,0.07923283182113182,0.03379226455544931,0.6295546880652095,0.19824049767539503,2.2335766068970417,0.0,0.0
Low_CBR,Minimum Hop (BFS),Conventional,65.62256579564998,33.38061694173015,0.07923283182113182,0.03379226455544931,0.6295546880652095,0.19824049767539503,2.2335766068970417,0.0,0.0
Low_CBR,Tabular Q-Routing (RL),Tabular RL,27.944129075125304,27.66396525678683,0.6788045288045276,1.0603653695894464,0.933793616274443,0.3101549489359965,2.2705960705960706,0.0,0.0
Medium_Poisson,Direct Routing,Conventional,43.53626488928182,5.668952513763165,0.013127603234200735,0.0031940872718707438,0.5678587935926659,0.03643726410512763,1.0,0.0,0.0
Medium_Poisson,Dueling DDQN (Deep RL),Deep RL,61.4857753507496,29.538974099352032,0.7910726096333555,0.7078342572454411,1.1923041629217137,0.1709658124637393,2.4498303760102824,0.0,0.0
Medium_Poisson,Greedy Geographic (GPSR),Conventional,55.19971957701907,23.862752847488977,0.8355611668290326,0.742295723250297,0.9636249013899881,0.11918849999517706,2.134041148367601,0.0,0.0
Medium_Poisson,Minimum Hop (BFS),Conventional,55.19971957701907,23.862752847488977,0.8355611668290326,0.742295723250297,0.9636249013899881,0.11918849999517706,2.134041148367601,0.0,0.0
Medium_Poisson,Tabular Q-Routing (RL),Tabular RL,17.88876961890207,17.29952491447581,1.3724623115577856,1.208538965089933,1.255006642909847,0.1757517329223429,2.2555012505449623,0.0,0.0
