scenario,traffic_pattern,arrival_rate,seed,method,category,pdr_percent,total_delivered,total_dropped,avg_delay_s,p95_delay_s,avg_hop_count,total_energy_j,energy_efficiency_bits_per_j,fnd_time_s,dead_nodes,queue_drops,link_drops,route_changes,execution_time_s
Low_CBR,cbr,1.5,42,Direct Routing,Conventional,56.622516556291394,342,262,0.0,0.0,1.0,0.2947133903898047,4641797.911491586,inf,0,0,262,0,0.01678422099985255
Low_CBR,cbr,1.5,42,Minimum Hop (BFS),Conventional,92.88079470198676,561,43,0.14937611408199614,0.6000000000000005,2.2941176470588234,0.4863650568127902,4613818.300815456,inf,0,0,5,0,0.027041756000016903
Low_CBR,cbr,1.5,42,Distance Dijkstra,Conventional,93.87417218543047,567,37,0.07513227513227502,0.20000000000000018,2.3386243386243386,0.48674871498668715,4659488.418088646,inf,0,0,4,0,0.03250989100001789
Low_CBR,cbr,1.5,42,Energy-Aware Dijkstra,Heuristic,93.70860927152319,566,38,0.07279151943462887,0.3999999999999986,2.3180212014134276,0.48250108467976904,4692217.430977576,inf,0,0,5,0,0.03127238000001853
Low_CBR,cbr,1.5,42,Traffic-Aware Dijkstra,Heuristic,93.87417218543047,567,37,0.07724867724867715,0.40000000000000024,2.3527336860670194,0.4902633896352171,4626084.769836713,inf,0,0,4,0,0.031547760999956154
Low_CBR,cbr,1.5,42,Heuristic Multi-Metric,Heuristic,94.03973509933775,568,36,0.06971830985915485,0.20000000000000018,2.329225352112676,0.4850270829263321,4684274.507502255,inf,0,0,3,0,0.03114682399996127
Low_CBR,cbr,1.5,42,RF + Dynamic Dijkstra,Proposed ML,93.87417218543047,567,37,0.08853615520282174,0.3999999999999992,2.4144620811287476,0.5042357489289282,4497896.082968273,inf,0,0,5,55,0.16860850899979596
Low_CBR,cbr,1.5,42,XGBoost + Dynamic Dijkstra,Proposed ML,89.73509933774835,542,62,0.24797047970479638,1.5999999999999943,2.3874538745387452,0.5000118569444503,4335897.179016013,inf,0,0,7,56,0.05082816699996329
Low_CBR,cbr,1.5,42,RF + A* Search,Proposed ML,94.37086092715232,570,34,0.054035087719298144,0.20000000000000018,2.3771929824561404,0.4975548099982845,4582409.724886111,inf,0,0,2,0,18.592048578999993
Low_CBR,cbr,1.5,43,Direct Routing,Conventional,49.05008635578584,284,295,0.0,0.0,1.0,0.30250803709951146,3755272.127286679,inf,0,0,295,0,0.01305359299999509
Low_CBR,cbr,1.5,43,Minimum Hop (BFS),Conventional,95.16407599309153,551,28,0.07513611615244992,0.20000000000000018,2.288566243194192,0.47137057117303094,4675726.773767883,inf,0,0,4,0,0.02371984799992788
Low_CBR,cbr,1.5,43,Distance Dijkstra,Conventional,94.99136442141624,550,29,0.1341818181818179,0.5099999999999899,2.401818181818182,0.49309702004845857,4461596.624096,inf,0,0,4,0,0.031030892999979187
Low_CBR,cbr,1.5,43,Energy-Aware Dijkstra,Heuristic,95.33678756476684,552,27,0.09710144927536216,0.3999999999999986,2.3677536231884058,0.4863678684418806,4539773.581411759,inf,0,0,3,0,0.031178802999875188
Low_CBR,cbr,1.5,43,Traffic-Aware Dijkstra,Heuristic,95.33678756476684,552,27,0.08297101449275343,0.3999999999999986,2.371376811594203,0.48773813151815126,4527019.433824663,inf,0,0,4,0,0.030786046000002898
Low_CBR,cbr,1.5,43,Heuristic Multi-Metric,Heuristic,94.99136442141624,550,29,0.11381818181818157,0.3999999999999993,2.3836363636363638,0.4888623546427757,4500244.248930963,inf,0,0,4,0,0.031142831000124716
Low_CBR,cbr,1.5,43,RF + Dynamic Dijkstra,Proposed ML,94.99136442141624,550,29,0.1341818181818179,0.5099999999999899,2.401818181818182,0.49309702004845857,4461596.624096,inf,0,0,4,41,0.1651214839998829
Low_CBR,cbr,1.5,43,XGBoost + Dynamic Dijkstra,Proposed ML,94.99136442141624,550,29,0.1341818181818179,0.5099999999999899,2.401818181818182,0.49309702004845857,4461596.624096,inf,0,0,4,41,0.05523345699998572
Low_CBR,cbr,1.5,43,RF + A* Search,Proposed ML,95.16407599309153,551,28,0.07985480943738642,0.20000000000000018,2.3684210526315788,0.48612050080706837,4533855.281439208,inf,0,0,4,0,17.761663446000057
Low_CBR,cbr,1.5,44,Direct Routing,Conventional,41.16666666666667,247,353,0.0,0.0,1.0,0.30981104153730676,3189040.632953126,inf,0,0,353,0,0.013079804999961198
Low_CBR,cbr,1.5,44,Minimum Hop (BFS),Conventional,98.5,591,9,0.2724196277495765,0.9999999999999964,2.7292724196277494,0.6402944995954956,3692051.0819528373,inf,0,0,8,0,0.027953687999797694
Low_CBR,cbr,1.5,44,Distance Dijkstra,Conventional,97.0,582,18,0.3948453608247412,1.5999999999999943,2.7216494845360826,0.634677348196738,3668005.4938377347,inf,0,0,7,0,0.03469614900018314
Low_CBR,cbr,1.5,44,Energy-Aware Dijkstra,Heuristic,98.5,591,9,0.10930626057529595,0.3999999999999999,2.736040609137056,0.637189850908344,3710040.2597907158,inf,0,0,8,0,0.03447101599999769
Low_CBR,cbr,1.5,44,Traffic-Aware Dijkstra,Heuristic,97.16666666666667,583,17,0.1619210977701541,0.5999999999999979,2.7341337907375642,0.6357409975039348,3668160.475973656,inf,0,0,12,0,0.03538403399988965
Low_CBR,cbr,1.5,44,Heuristic Multi-Metric,Heuristic,98.83333333333333,593,7,0.12310286677908922,0.40000000000000036,2.7318718381112985,0.6381490872873128,3716999.753275614,inf,0,0,6,0,0.03499056200007544
Low_CBR,cbr,1.5,44,RF + Dynamic Dijkstra,Proposed ML,92.5,555,45,0.6299099099099082,2.5999999999999908,2.717117117117117,0.6279207173185011,3535478.1882024547,inf,0,6,11,43,0.1695366550000017
Low_CBR,cbr,1.5,44,XGBoost + Dynamic Dijkstra,Proposed ML,90.0,540,60,0.7148148148148129,2.79999999999999,2.7018518518518517,0.6230881749066111,3466604.065024573,inf,0,23,9,42,0.05309296199993696
Low_CBR,cbr,1.5,44,RF + A* Search,Proposed ML,98.0,588,12,0.08333333333333319,0.3999999999999986,2.729591836734694,0.6387645979494962,3682107.630182035,inf,0,0,11,0,21.712746195000136
Medium_Poisson,poisson,3.0,42,Direct Routing,Conventional,54.15309446254072,665,563,0.013834586466165385,0.1999999999999993,1.0,0.6002286127200227,4431644.78272008,inf,0,0,563,0,0.018806409000035273
Medium_Poisson,poisson,3.0,42,Minimum Hop (BFS),Conventional,72.63843648208469,892,336,1.3766816143497727,5.399999999999981,2.309417040358744,0.9318211232825631,3829061.0835595415,inf,0,175,11,0,0.04192116900003384
Medium_Poisson,poisson,3.0,42,Distance Dijkstra,Conventional,81.18892508143323,997,231,0.8393179538615829,2.9999999999999893,2.308926780341023,0.9843290104229334,4051490.871214381,inf,0,114,6,0,0.048294120000036855
Medium_Poisson,poisson,3.0,42,Energy-Aware Dijkstra,Heuristic,87.78501628664495,1078,150,0.6920222634508334,2.8000000000000016,2.3089053803339517,0.9930399414589344,4342222.120154586,inf,0,56,7,0,0.048319682000055764
Medium_Poisson,poisson,3.0,42,Traffic-Aware Dijkstra,Heuristic,90.63517915309446,1113,115,0.9124887690925405,2.67999999999997,2.5058400718778078,1.083644530340024,4108358.2995643965,inf,0,3,5,0,0.05417789299985998
Medium_Poisson,poisson,3.0,42,Heuristic Multi-Metric,Heuristic,90.39087947882736,1110,118,0.7034234234234219,2.3999999999999915,2.3855855855855856,1.0223036781848336,4343132.177596688,inf,0,9,11,0,0.049930547000030856
Medium_Poisson,poisson,3.0,42,RF + Dynamic Dijkstra,Proposed ML,81.10749185667753,996,232,0.8401606425702792,2.9999999999999893,2.3092369477911645,0.984078253193549,4048458.531698114,inf,0,114,7,40,0.1779468839999936
Medium_Poisson,poisson,3.0,42,XGBoost + Dynamic Dijkstra,Proposed ML,81.10749185667753,996,232,0.8401606425702792,2.9999999999999893,2.3092369477911645,0.984078253193549,4048458.531698114,inf,0,114,7,41,0.06981241199991928
Medium_Poisson,poisson,3.0,42,RF + A* Search,Proposed ML,94.38110749185668,1159,69,0.31941328731665153,0.9999999999999967,2.468507333908542,1.0668909002684934,4345336.527693043,inf,0,0,5,0,39.393358557000056
Medium_Poisson,poisson,3.0,43,Direct Routing,Conventional,50.24711696869851,610,604,0.013114754098360635,0.1999999999999993,1.0,0.6650445237864018,3668927.2864137986,inf,0,0,604,0,0.020586722999951235
Medium_Poisson,poisson,3.0,43,Minimum Hop (BFS),Conventional,74.46457990115321,904,310,1.354867256637165,4.399999999999984,2.2101769911504423,0.910916604592579,3969627.9349494455,inf,0,149,4,0,0.0500731239999368
Medium_Poisson,poisson,3.0,43,Distance Dijkstra,Conventional,72.48764415156508,880,334,1.3977272727272694,3.399999999999988,2.340909090909091,0.9564562546296846,3680251.9539828342,inf,0,173,8,0,0.054673361000141085
Medium_Poisson,poisson,3.0,43,Energy-Aware Dijkstra,Heuristic,77.0181219110379,935,279,1.0708021390374307,3.199999999999992,2.3101604278074865,0.9503492976502965,3935395.132344509,inf,0,139,8,0,0.05279127599987987
Medium_Poisson,poisson,3.0,43,Traffic-Aware Dijkstra,Heuristic,81.54859967051071,990,224,1.1496969696969668,3.5999999999999885,2.712121212121212,1.1897295049066994,3328487.6803240664,inf,0,86,7,0,0.06038727200007088
Medium_Poisson,poisson,3.0,43,Heuristic Multi-Metric,Heuristic,78.25370675453048,950,264,1.0728421052631556,2.9999999999999893,2.3389473684210524,0.967641644591815,3927073.6447096304,inf,0,129,5,0,0.05335651199993663
Medium_Poisson,poisson,3.0,43,RF + Dynamic Dijkstra,Proposed ML,72.48764415156508,880,334,1.3977272727272694,3.399999999999988,2.340909090909091,0.9564562546296846,3680251.9539828342,inf,0,173,8,39,0.1757481849999749
Medium_Poisson,poisson,3.0,43,XGBoost + Dynamic Dijkstra,Proposed ML,72.48764415156508,880,334,1.3977272727272694,3.399999999999988,2.340909090909091,0.9564562546296846,3680251.9539828342,inf,0,173,8,39,0.07125076399984209
Medium_Poisson,poisson,3.0,43,RF + A* Search,Proposed ML,81.21911037891269,986,228,0.9417849898580098,2.7999999999999914,2.376267748478702,0.9945892237602356,3965456.196166042,inf,0,88,7,0,36.381540202999986
Medium_Poisson,poisson,3.0,44,Direct Routing,Conventional,40.81145584725537,513,744,0.011695906432748515,0.1999999999999993,1.0,0.6479404617994033,3166957.646542656,inf,0,0,744,0,0.019258868000179064
Medium_Poisson,poisson,3.0,44,Minimum Hop (BFS),Conventional,62.76849642004774,789,468,2.106210392902403,5.59999999999998,2.6628643852978455,1.111004040675776,2840673.736956295,inf,0,339,8,0,0.04862284500018177
Medium_Poisson,poisson,3.0,44,Distance Dijkstra,Conventional,71.91726332537789,904,353,1.4254424778761026,4.6000000000000005,2.6758849557522124,1.1959687739393532,3023490.310779105,inf,0,214,13,0,0.05421579199992266
Medium_Poisson,poisson,3.0,44,Energy-Aware Dijkstra,Heuristic,75.17899761336515,945,312,1.4848677248677211,4.399999999999985,2.71005291005291,1.2115259577681634,3120032.200517934,inf,0,179,13,0,0.05364942900018832
Medium_Poisson,poisson,3.0,44,Traffic-Aware Dijkstra,Heuristic,78.91805887032616,992,265,1.3483870967741902,3.999999999999986,2.7681451612903225,1.2539594007889292,3164376.7712922213,inf,0,148,18,0,0.055441427000005206
Medium_Poisson,poisson,3.0,44,Heuristic Multi-Metric,Heuristic,78.91805887032616,992,265,1.4290322580645125,3.599999999999987,2.746975806451613,1.2313449254734419,3222492.6727775624,inf,0,141,21,0,0.05460322199996881
Medium_Poisson,poisson,3.0,44,RF + Dynamic Dijkstra,Proposed ML,71.91726332537789,904,353,1.4254424778761026,4.6000000000000005,2.6758849557522124,1.1959687739393532,3023490.310779105,inf,0,214,13,40,0.18151739700010694
Medium_Poisson,poisson,3.0,44,XGBoost + Dynamic Dijkstra,Proposed ML,71.91726332537789,904,353,1.4254424778761026,4.6000000000000005,2.6758849557522124,1.1959687739393532,3023490.310779105,inf,0,214,13,40,0.08626266299984309
Medium_Poisson,poisson,3.0,44,RF + A* Search,Proposed ML,82.2593476531424,1034,223,1.1054158607350066,3.599999999999987,2.766924564796905,1.2549943415143847,3295632.3890744755,inf,0,117,18,0,42.33711071399989
High_Poisson,poisson,6.0,42,Direct Routing,Conventional,55.6740614334471,1305,1039,0.06712643678160907,0.3999999999999986,1.0,1.1443152209329703,4561680.124943272,inf,0,0,1032,0,0.036670957999831444
High_Poisson,poisson,6.0,42,Minimum Hop (BFS),Conventional,47.3122866894198,1109,1235,1.8712353471595995,5.399999999999994,2.2164111812443643,1.477461890229879,3002446.309670837,inf,0,903,15,0,0.06906926400006341
High_Poisson,poisson,6.0,42,Distance Dijkstra,Conventional,56.058020477815695,1314,1030,1.9954337899543333,3.5999999999999983,2.2298325722983257,1.6369002300721816,3210947.071446272,inf,0,656,9,0,0.07343245199990633
High_Poisson,poisson,6.0,42,Energy-Aware Dijkstra,Heuristic,58.7457337883959,1377,967,2.11880900508351,3.7999999999999865,2.222948438634713,1.6674302260175269,3303286.646755379,inf,0,603,13,0,0.07646053899998151
High_Poisson,poisson,6.0,42,Traffic-Aware Dijkstra,Heuristic,57.2098976109215,1341,1003,2.2047725577926873,4.99999999999999,2.530947054436987,1.8862940911370085,2843671.10367542,inf,0,644,12,0,0.07960703999992802
High_Poisson,poisson,6.0,42,Heuristic Multi-Metric,Heuristic,58.53242320819113,1372,972,2.245481049562677,4.399999999999984,2.4096209912536444,1.8040508561894848,3042042.8455058914,inf,0,630,15,0,0.0789381689999118
High_Poisson,poisson,6.0,42,RF + Dynamic Dijkstra,Proposed ML,56.78327645051194,1331,1013,2.1030803906836915,4.399999999999997,2.270473328324568,1.622983561256076,3280378.2657413953,inf,0,588,8,42,0.20171458599998005
High_Poisson,poisson,6.0,42,XGBoost + Dynamic Dijkstra,Proposed ML,56.78327645051194,1331,1013,2.1030803906836915,4.399999999999997,2.270473328324568,1.622983561256076,3280378.2657413953,inf,0,588,8,43,0.11533613299980061
High_Poisson,poisson,6.0,42,RF + A* Search,Proposed ML,59.55631399317406,1396,948,2.3770773638968428,3.399999999999988,2.36676217765043,1.7708972610944373,3153203.8151942343,inf,0,614,6,0,63.10650631599992
High_Poisson,poisson,6.0,43,Direct Routing,Conventional,47.90195263813876,1153,1254,0.05325238508239366,0.20000000000000018,1.0,1.2961419318017047,3558252.2923157653,inf,0,0,1252,0,0.04584910300013689
High_Poisson,poisson,6.0,43,Minimum Hop (BFS),Conventional,45.409223099293726,1093,1314,2.836413540713626,5.799999999999979,2.1573650503202195,1.4980881106394142,2918386.4212993067,inf,0,965,10,0,0.08502699100017708
High_Poisson,poisson,6.0,43,Distance Dijkstra,Conventional,47.98504362276693,1155,1252,2.8522943722943666,8.199999999999974,2.25974025974026,1.586396751220577,2912260.1243638215,inf,0,869,14,0,0.08413436699993326
High_Poisson,poisson,6.0,43,Energy-Aware Dijkstra,Heuristic,50.85168259243872,1224,1183,2.9454248366013007,5.999999999999982,2.372549019607843,1.6786367307213679,2916652.489723623,inf,0,802,13,0,0.08718089699982556
High_Poisson,poisson,6.0,43,Traffic-Aware Dijkstra,Heuristic,54.09223099293726,1302,1105,2.2989247311827903,5.399999999999997,2.3502304147465436,1.8626578297289367,2796004.6750818933,inf,0,696,12,0,0.09361909899985221
High_Poisson,poisson,6.0,43,Heuristic Multi-Metric,Heuristic,55.75405068550062,1342,1065,2.307749627421753,4.999999999999982,2.2459016393442623,1.7593044219815104,3051205.881671123,inf,0,696,11,0,0.0897234839999328
High_Poisson,poisson,6.0,43,RF + Dynamic Dijkstra,Proposed ML,47.029497299542996,1132,1275,3.053710247349817,8.199999999999976,2.3568904593639575,1.5996488642236324,2830621.2077346127,inf,0,844,13,41,0.19788226600007874
High_Poisson,poisson,6.0,43,XGBoost + Dynamic Dijkstra,Proposed ML,47.029497299542996,1132,1275,3.053710247349817,8.199999999999976,2.3568904593639575,1.5996488642236324,2830621.2077346127,inf,0,844,13,41,0.17875501800017446
High_Poisson,poisson,6.0,43,RF + A* Search,Proposed ML,57.332779393435814,1380,1027,2.1028985507246327,4.199999999999996,2.278985507246377,1.7941089274558912,3076736.26474149,inf,0,661,15,0,62.528697427
High_Poisson,poisson,6.0,44,Direct Routing,Conventional,42.25409836065574,1031,1409,0.06731328806983497,0.3999999999999986,1.0,1.2478710531558352,3304828.6436090535,inf,0,0,1404,0,0.04000727699985873
High_Poisson,poisson,6.0,44,Minimum Hop (BFS),Conventional,36.68032786885246,895,1545,3.141229050279323,6.45999999999998,2.5206703910614525,1.5787909197547991,2267558.0124035724,inf,0,1270,16,0,0.07500597499983996
High_Poisson,poisson,6.0,44,Distance Dijkstra,Conventional,44.67213114754098,1090,1350,2.4368807339449488,6.309999999999989,2.5926605504587155,1.814514164001098,2402847.0466088695,inf,0,1076,15,0,0.08078052399991975
High_Poisson,poisson,6.0,44,Energy-Aware Dijkstra,Heuristic,46.51639344262295,1135,1305,2.460440528634356,6.199999999999978,2.6449339207048457,1.8850862598408664,2408377.8534268527,inf,0,1052,24,0,0.20037643099999514
High_Poisson,poisson,6.0,44,Traffic-Aware Dijkstra,Heuristic,53.85245901639344,1314,1126,1.9709284627092807,4.599999999999984,2.6156773211567734,2.015938750464497,2607222.069018195,inf,0,928,20,0,0.08692215499991107
High_Poisson,poisson,6.0,44,Heuristic Multi-Metric,Heuristic,53.11475409836065,1296,1144,2.0060185185185144,4.599999999999984,2.6635802469135803,2.0365074708670123,2545534.4869385576,inf,0,935,26,0,0.08653708800011373
High_Poisson,poisson,6.0,44,RF + Dynamic Dijkstra,Proposed ML,44.67213114754098,1090,1350,2.4368807339449488,6.309999999999989,2.5926605504587155,1.814514164001098,2402847.0466088695,inf,0,1076,15,40,0.20439563500008262
High_Poisson,poisson,6.0,44,XGBoost + Dynamic Dijkstra,Proposed ML,44.631147540983605,1089,1351,2.435812672176303,6.31999999999998,2.597796143250689,1.8197688895426918,2393710.555791875,inf,0,1069,16,41,0.12631375900014064
High_Poisson,poisson,6.0,44,RF + A* Search,Proposed ML,53.975409836065566,1317,1123,1.9843583902809372,3.999999999999986,2.70083523158694,2.052338132441749,2566828.495133231,inf,0,881,32,0,67.39455104199988
Bursty_Pareto,bursty,4.0,42,Direct Routing,Conventional,56.471593336181115,1322,1019,0.1468986384266261,0.6000000000000001,1.0,1.1064371821293726,4779304.316059842,inf,0,0,986,0,0.04280370900005437
Bursty_Pareto,bursty,4.0,42,Minimum Hop (BFS),Conventional,47.671935070482704,1116,1225,2.1046594982078806,5.59999999999998,2.2087813620071683,1.4470564164900086,3084883.1801789133,inf,0,914,13,0,0.08288112199988973
Bursty_Pareto,bursty,4.0,42,Distance Dijkstra,Conventional,56.813327637761645,1330,1011,2.0058646616541314,3.4000000000000026,2.193984962406015,1.6195320063225447,3284899.5754520907,inf,0,679,6,0,0.08682516099997883
Bursty_Pareto,bursty,4.0,42,Energy-Aware Dijkstra,Heuristic,59.0773173857326,1383,958,2.178018799710769,3.4000000000000026,2.178597252349964,1.6248487925724593,3404624.4950840883,inf,0,634,5,0,0.08633450799993625
Bursty_Pareto,bursty,4.0,42,Traffic-Aware Dijkstra,Heuristic,58.77829987184964,1376,965,2.255959302325577,4.399999999999984,2.425872093023256,1.8261584611935104,3013977.2188240374,inf,0,619,12,0,0.09346492500003478
Bursty_Pareto,bursty,4.0,42,Heuristic Multi-Metric,Heuristic,59.03460059803503,1382,959,2.2515195369030345,4.199999999999985,2.3675832127351666,1.7406566181459864,3175813.048002541,inf,0,613,10,0,0.08905749399991691
Bursty_Pareto,bursty,4.0,42,RF + Dynamic Dijkstra,Proposed ML,56.813327637761645,1330,1011,2.0042105263157852,3.4000000000000026,2.1954887218045114,1.6119455675597418,3300359.582274065,inf,0,662,6,40,0.2100278939999498
Bursty_Pareto,bursty,4.0,42,XGBoost + Dynamic Dijkstra,Proposed ML,57.75309696710808,1352,989,2.136538461538457,3.999999999999986,2.2544378698224854,1.6133763948021551,3351976.648116989,inf,0,600,4,44,0.11207237999997233
Bursty_Pareto,bursty,4.0,42,RF + A* Search,Proposed ML,59.37633489961554,1390,951,2.515971223021577,3.599999999999989,2.318705035971223,1.7160497202001634,3239999.3628106946,inf,0,598,13,0,61.47093805500026
Bursty_Pareto,bursty,4.0,43,Direct Routing,Conventional,47.77227722772277,1158,1266,0.13402417962003424,0.5999999999999979,1.0,1.326694105186557,3491385.076553617,inf,0,0,1245,0,0.04986286400026074
Bursty_Pareto,bursty,4.0,43,Minimum Hop (BFS),Conventional,46.2046204620462,1120,1304,2.8342857142857087,5.999999999999986,2.15,1.459967045645847,3068562.4126660875,inf,0,907,11,0,0.09036413800004084
Bursty_Pareto,bursty,4.0,43,Distance Dijkstra,Conventional,47.73102310231023,1157,1267,2.7944684528954133,8.399999999999974,2.2532411408815904,1.535897926452292,3013221.074326227,inf,0,858,8,0,0.09249003199965955
Bursty_Pareto,bursty,4.0,43,Energy-Aware Dijkstra,Heuristic,49.95874587458746,1211,1213,2.913625103220473,7.599999999999973,2.350949628406276,1.6175831767194184,2994590.9859324824,inf,0,808,12,0,0.09150276500031396
Bursty_Pareto,bursty,4.0,43,Traffic-Aware Dijkstra,Heuristic,54.24917491749175,1315,1109,2.586007604562732,6.399999999999982,2.393916349809886,1.9085548651168507,2756011.9418825083,inf,0,647,13,0,0.09840957400001571
Bursty_Pareto,bursty,4.0,43,Heuristic Multi-Metric,Heuristic,54.82673267326733,1329,1095,2.620165537998489,5.999999999999979,2.220466516177577,1.7121826935439461,3104808.861837474,inf,0,688,6,0,0.08408228300004339
Bursty_Pareto,bursty,4.0,43,RF + Dynamic Dijkstra,Proposed ML,42.65676567656766,1034,1390,3.199613152804636,8.469999999999962,2.3056092843326885,1.5027339092963388,2752316.9434146187,inf,0,978,10,41,0.20671287699997265
Bursty_Pareto,bursty,4.0,43,XGBoost + Dynamic Dijkstra,Proposed ML,42.65676567656766,1034,1390,3.199613152804636,8.469999999999962,2.3056092843326885,1.5027339092963388,2752316.9434146187,inf,0,978,10,41,0.1339788119998957
Bursty_Pareto,bursty,4.0,43,RF + A* Search,Proposed ML,56.353135313531354,1366,1058,2.375549048316246,5.399999999999981,2.2159590043923867,1.7333606997222608,3152257.923509807,inf,0,637,6,0,61.815746047000175
Bursty_Pareto,bursty,4.0,44,Direct Routing,Conventional,39.51200314836679,1004,1537,0.15557768924302764,0.6000000000000005,1.0,1.3112586562454478,3062706.1875794134,inf,0,0,1513,0,0.06125443099972472
Bursty_Pareto,bursty,4.0,44,Minimum Hop (BFS),Conventional,35.4978354978355,902,1639,3.3423503325942288,6.799999999999983,2.5509977827050996,1.6143549401209185,2234948.405912366,inf,0,1356,14,0,0.10211477199982255
Bursty_Pareto,bursty,4.0,44,Distance Dijkstra,Conventional,42.97520661157025,1092,1449,2.4804029304029247,6.1999999999999895,2.578754578754579,1.8469122892421286,2365028.3911383725,inf,0,1153,27,0,0.11156076799989023
Bursty_Pareto,bursty,4.0,44,Energy-Aware Dijkstra,Heuristic,45.218417945690675,1149,1392,2.476414273281109,6.399999999999977,2.626631853785901,1.9377770028470493,2371789.93932088,inf,0,1116,29,0,0.1086266180000166
Bursty_Pareto,bursty,4.0,44,Traffic-Aware Dijkstra,Heuristic,51.86934277843369,1318,1223,2.0400606980273097,4.999999999999982,2.639605462822458,2.0751165745324407,2540580.160508752,inf,0,984,29,0,0.11048982100010107
Bursty_Pareto,bursty,4.0,44,Heuristic Multi-Metric,Heuristic,50.88547815820543,1293,1248,2.1112142304717665,4.999999999999982,2.6535189481825214,2.0820594854055825,2484078.8825937416,inf,0,1004,29,0,0.1123440890000893
Bursty_Pareto,bursty,4.0,44,RF + Dynamic Dijkstra,Proposed ML,42.97520661157025,1092,1449,2.4804029304029247,6.1999999999999895,2.578754578754579,1.8469122892421286,2365028.3911383725,inf,0,1153,27,40,0.21508006799967916
Bursty_Pareto,bursty,4.0,44,XGBoost + Dynamic Dijkstra,Proposed ML,42.97520661157025,1092,1449,2.5311355311355253,6.399999999999989,2.5815018315018317,1.8484098674888738,2363112.249521841,inf,0,1151,27,41,0.2666809080001258
Bursty_Pareto,bursty,4.0,44,RF + A* Search,Proposed ML,51.98740653286108,1321,1220,2.1570022710068084,4.399999999999984,2.700227100681302,2.112200077968274,2501656.9477086095,inf,0,969,25,0,71.45367164699974
