scenario,comparison,metric,deep_rl_mean,baseline_mean,mean_difference,t_statistic,p_value,statistically_significant
Low_CBR,Dueling DDQN (Deep RL) vs Greedy Geographic (GPSR),PDR (%),70.66740690870931,65.62256579564998,5.044841113059316,1.0854360435985384,0.3911426109107586,False
Low_CBR,Dueling DDQN (Deep RL) vs Tabular Q-Routing (RL),PDR (%),70.66740690870931,27.944129075125304,42.723277833584,1.6360333869455443,0.2434688650511136,False
Low_CBR,Dueling DDQN (Deep RL) vs Minimum Hop (BFS),PDR (%),70.66740690870931,65.62256579564998,5.044841113059316,1.0854360435985384,0.3911426109107586,False
Low_CBR,Dueling DDQN (Deep RL) vs Direct Routing,PDR (%),70.66740690870931,44.92763155339379,25.739775355315516,1.381629358444881,0.3011816659700297,False
Medium_Poisson,Dueling DDQN (Deep RL) vs Greedy Geographic (GPSR),PDR (%),61.4857753507496,55.19971957701906,6.286055773730532,1.9120753993703365,0.19601291543123323,False
Medium_Poisson,Dueling DDQN (Deep RL) vs Tabular Q-Routing (RL),PDR (%),61.4857753507496,17.88876961890207,43.59700573184753,2.2278721568463165,0.1557342973873993,False
Medium_Poisson,Dueling DDQN (Deep RL) vs Minimum Hop (BFS),PDR (%),61.4857753507496,55.19971957701906,6.286055773730532,1.9120753993703365,0.19601291543123323,False
Medium_Poisson,Dueling DDQN (Deep RL) vs Direct Routing,PDR (%),61.4857753507496,43.53626488928182,17.949510461467785,1.1408706996447793,0.3721222078693742,False
High_Poisson,Dueling DDQN (Deep RL) vs Greedy Geographic (GPSR),PDR (%),46.129371425604376,40.084035348268536,6.045336077335837,2.301323471795189,0.14801375366793662,False
High_Poisson,Dueling DDQN (Deep RL) vs Tabular Q-Routing (RL),PDR (%),46.129371425604376,9.937471438749535,36.19189998685484,3.283647527468209,0.0815588536730327,False
High_Poisson,Dueling DDQN (Deep RL) vs Minimum Hop (BFS),PDR (%),46.129371425604376,40.084035348268536,6.045336077335837,2.301323471795189,0.14801375366793662,False
High_Poisson,Dueling DDQN (Deep RL) vs Direct Routing,PDR (%),46.129371425604376,44.82182932417476,1.3075421014296171,0.16068062431478117,0.8871079733873103,False
Bursty_Pareto,Dueling DDQN (Deep RL) vs Greedy Geographic (GPSR),PDR (%),45.77631506982803,39.06256226801712,6.713752801810913,2.749912585977856,0.11070862068854,False
Bursty_Pareto,Dueling DDQN (Deep RL) vs Tabular Q-Routing (RL),PDR (%),45.77631506982803,9.835627203853475,35.94068786597456,3.657874919147612,0.0672827856460344,False
Bursty_Pareto,Dueling DDQN (Deep RL) vs Minimum Hop (BFS),PDR (%),45.77631506982803,39.06256226801712,6.713752801810913,2.749912585977856,0.11070862068854,False
Bursty_Pareto,Dueling DDQN (Deep RL) vs Direct Routing,PDR (%),45.77631506982803,44.71430950643181,1.0620055633962195,0.13956346361694028,0.9017907984751077,False
