alpha,beta,gamma,eta,pdr_percent,avg_delay_s,total_energy_j,dead_node_count
0.3246757171249298,0.3154901162043157,0.3220494205571397,0.037784746113614744,48.853868194842406,2.8832844574780023,0.8749756993791227,0
0.014232233398534218,0.2391858568224978,0.23215517534604774,0.5144267344329202,45.845272206303726,3.0218749999999965,0.8797169246259129,0
0.034697272773258694,0.45795037286628487,0.03082126860365966,0.47653108575679687,45.702005730659025,3.2545454545454513,0.8841508251623207,0
0.49415934909221304,0.11042839146972537,0.351521951292702,0.04389030814535946,34.81375358166189,1.7020576131687222,0.7744726402091935,0
0.053213482286030615,0.183143517682574,0.5236665500376122,0.23997644999378326,46.27507163323782,2.9962848297213585,0.8790039292139697,0
0.27499578401909686,0.04928912320509844,0.4051946182877172,0.27052047448808764,42.693409742120345,2.6859060402684527,0.8005429309192378,0
0.40903415376740687,0.2601459415901273,0.2827452316969235,0.048074672945542234,48.853868194842406,2.7149560117302016,0.8613007877185597,0
0.07134379812237882,0.27218588398074023,0.15437051880963845,0.5020997990872423,46.27507163323782,2.9962848297213585,0.8790039292139697,0
0.3457627751610857,0.11611631559906789,0.22502370048313008,0.31309720875671626,45.12893982808023,2.6838095238095208,0.8266026439117198,0
0.18670295005576512,0.17479913626745305,0.47725434008637285,0.16124357359040895,48.853868194842406,2.8615835777126066,0.8692636708164647,0
0.3435891726460902,0.35831516635808014,0.27928205670797007,0.018813604287859692,48.853868194842406,2.9002932551319613,0.8779192561109719,0
0.2914970246862979,0.34811463451920555,0.2884054251471267,0.07198291564736999,48.71060171919771,2.9011764705882315,0.8822230097410131,0
0.37224003741765865,0.1922299262549359,0.4110109451910115,0.02451909113639391,45.27220630372493,2.7259493670886044,0.8393042571646321,0
0.027700181319328655,0.2176631063087298,0.6613620739247761,0.0932746384471654,47.56446991404012,3.0783132530120443,0.8996691611645025,0
0.24219520459231275,0.33915912722763547,0.3081095815772651,0.11053608660278673,48.853868194842406,2.9366568914955975,0.8833793647235719,0
0.11677706078992538,0.14830966256865916,0.1625343240370283,0.572378952604387,46.27507163323782,3.0383900928792538,0.8653850007537818,0
0.39102439110538745,0.30530915859718233,0.1936860128784828,0.10998043741894734,48.71060171919771,2.7605882352941147,0.863117238894973,0
0.01420059571636347,0.30558476252626227,0.19849952963293768,0.4817151121244367,45.845272206303726,3.0218749999999965,0.8797169246259129,0
0.6081614634531889,0.09958150831337954,0.014919352971046124,0.2773376752623854,34.95702005730659,1.696721311475408,0.7743684912483291,0
0.40799558352828696,0.13119410982927013,0.34049059322007696,0.12031971342236593,45.27220630372493,2.2594936708860733,0.8154158333996859,0
0.6990538043163607,0.15363452476635056,0.07151089514676097,0.07580077577052788,34.81375358166189,1.7020576131687222,0.7744726402091935,0
0.05034400634199304,0.02338893293691795,0.7343514296181658,0.1919156311029232,46.27507163323782,3.0216718266253837,0.8595223565817713,0
0.11268475243572933,0.272849342549292,0.05465029356352101,0.5598156114514576,46.27507163323782,2.957275541795662,0.8742262017175078,0
0.5491120093175997,0.13993575499394514,0.0852562864990488,0.2256959491894063,41.40401146131805,2.5259515570934217,0.7977657378365697,0
0.09720347538365755,0.02415130973460873,0.16057350918582558,0.7180717056959082,45.845272206303726,3.0499999999999963,0.8629479766872823,0
0.13904459195895352,0.42483286685466193,0.2820492296052103,0.15407331158117413,48.567335243553,2.870206489675513,0.8889053851990285,0
0.45970805676022214,0.18057701318273262,0.2652646717729511,0.09445025828409426,44.84240687679083,2.5853035143769936,0.8380828225656636,0
0.0813670196110812,0.7967233188031977,0.052115126828059154,0.06979453475766201,48.99713467048711,3.0052631578947335,0.9057722692253298,0
0.13056965270749196,0.4071858901099076,0.17417006768665133,0.2880743894959491,46.84813753581662,3.180428134556571,0.88509004640839,0
0.4282135315395127,0.30567270873675917,0.23221997855623006,0.033893781167498055,48.42406876790831,2.8325443786982216,0.8684492205946848,0
